name	value
prcLon	139.83333333333333
prcLat	36.0
offset_x	-37457.70743471058
offset_y	-8089.093580739098
Timestamp	1727572261_975664
